"Example H: a pedestrian ramp (units: kip, in)",,,,,,,,,,,,
,,,,,,,,,,,,
"# node data ...",,,,,,,,,,,,
,,,,,,,,,,,,
148,,,,,"# number of nodes",,,,,,,
,,,,,,,,,,,,
"# CENTER BAY",,,,,,,,,,,,
,,,,,,,,,,,,
#.node,x,y,z,r,"units: inches and kips",,,,,,,
#,in,in,in,in,,,,,,,,
,,,,,,,,,,,,
1,-661,0,0,0,,,,,,,,
2,-541,0,0,0,,,,,,,,
3,-181,0,0,0,,,,,,,,
4,181,0,0,0,,,,,,,,
5,541,0,0,0,,,,,,,,
6,661,0,0,0,,,,,,,,
7,-661,0,60,0,,,,,,,,
8,-541,0,60,0,,,,,,,,
9,541,0,120,0,,,,,,,,
10,661,0,120,0,,,,,,,,
11,-661,0,180,0,,,,,,,,
12,-541,0,180,0,,,,,,,,
13,541,0,240,0,,,,,,,,
14,661,0,240,0,,,,,,,,
15,-661,0,300,0,,,,,,,,
16,-541,0,300,0,,,,,,,,
17,541,0,360,0,,,,,,,,
18,661,0,360,0,,,,,,,,
19,-661,0,420,0,,,,,,,,
20,-541,0,420,0,,,,,,,,
21,541,0,480,0,,,,,,,,
22,661,0,480,0,,,,,,,,
23,-661,0,540,0,,,,,,,,
24,-541,0,540,0,,,,,,,,
25,541,0,600,0,,,,,,,,
26,661,0,600,0,,,,,,,,
27,-661,0,660,0,,,,,,,,
28,-541,0,660,0,,,,,,,,
,,,,,,,,,,,,
29,181,0,20,0,,,,,,,,
30,-181,0,40,0,,,,,,,,
31,-181,0,80,0,,,,,,,,
32,181,0,100,0,,,,,,,,
33,181,0,140,0,,,,,,,,
34,-181,0,160,0,,,,,,,,
35,-181,0,200,0,,,,,,,,
36,181,0,220,0,,,,,,,,
37,181,0,260,0,,,,,,,,
38,-181,0,280,0,,,,,,,,
39,-181,0,320,0,,,,,,,,
40,181,0,340,0,,,,,,,,
41,181,0,380,0,,,,,,,,
42,-181,0,400,0,,,,,,,,
43,-181,0,440,0,,,,,,,,
44,181,0,460,0,,,,,,,,
45,181,0,500,0,,,,,,,,
46,-181,0,520,0,,,,,,,,
47,-181,0,560,0,,,,,,,,
48,181,0,580,0,,,,,,,,
49,181,0,620,0,,,,,,,,
50,-181,0,640,0,,,,,,,,
,,,,,,,,,,,,
"# LEFT BAY",,,,,,,,,,,,
,,,,,,,,,,,,
#.node,x,y,z,r,,,,,,,,
#,in,in,in,in,,,,,,,,
,,,,,,,,,,,,
51,-661,-240,0,0,,,,,,,,
52,-541,-240,0,0,,,,,,,,
53,-181,-240,0,0,,,,,,,,
54,181,-240,0,0,,,,,,,,
55,541,-240,0,0,,,,,,,,
56,661,-240,0,0,,,,,,,,
57,-661,-240,60,0,,,,,,,,
58,-541,-240,60,0,,,,,,,,
59,541,-240,120,0,,,,,,,,
60,661,-240,120,0,,,,,,,,
61,-661,-240,180,0,,,,,,,,
62,-541,-240,180,0,,,,,,,,
63,541,-240,240,0,#,,,,,,,
64,661,-240,240,0,#,,,,,,,
65,-661,-240,300,0,,,,,,,,
66,-541,-240,300,0,,,,,,,,
67,541,-240,360,0,,,,,,,,
68,661,-240,360,0,,,,,,,,
69,-661,-240,420,0,,,,,,,,
70,-541,-240,420,0,,,,,,,,
71,541,-240,480,0,,,,,,,,
72,661,-240,480,0,,,,,,,,
73,-661,-240,540,0,,,,,,,,
74,-541,-240,540,0,,,,,,,,
75,541,-240,600,0,,,,,,,,
76,661,-240,600,0,,,,,,,,
77,-661,-240,660,0,,,,,,,,
78,-541,-240,660,0,,,,,,,,
,,,,,,,,,,,,
79,181,-240,20,0,,,,,,,,
80,-181,-240,40,0,,,,,,,,
81,-181,-240,80,0,,,,,,,,
82,181,-240,100,0,,,,,,,,
83,181,-240,140,0,,,,,,,,
84,-181,-240,160,0,,,,,,,,
85,-181,-240,200,0,,,,,,,,
86,181,-240,220,0,,,,,,,,
87,181,-240,260,0,,,,,,,,
88,-181,-240,280,0,,,,,,,,
89,-181,-240,320,0,,,,,,,,
90,181,-240,340,0,,,,,,,,
91,181,-240,380,0,,,,,,,,
92,-181,-240,400,0,,,,,,,,
93,-181,-240,440,0,,,,,,,,
94,181,-240,460,0,,,,,,,,
95,181,-240,500,0,,,,,,,,
96,-181,-240,520,0,,,,,,,,
97,-181,-240,560,0,,,,,,,,
98,181,-240,580,0,,,,,,,,
99,181,-240,620,0,,,,,,,,
100,-181,-240,640,0,,,,,,,,
,,,,,,,,,,,,
"# RIGHT BAY",,,,,,,,,,,,
,,,,,,,,,,,,
#.node,x,y,z,r,,,,,,,,
#,in,in,in,in,,,,,,,,
,,,,,,,,,,,,
101,-661,240,0,0,,,,,,,,
102,-541,240,0,0,,,,,,,,
103,-181,240,0,0,,,,,,,,
104,181,240,0,0,,,,,,,,
105,541,240,0,0,,,,,,,,
106,661,240,0,0,,,,,,,,
107,-661,240,60,0,,,,,,,,
108,-541,240,60,0,,,,,,,,
109,541,240,120,0,,,,,,,,
110,661,240,120,0,,,,,,,,
111,-661,240,180,0,,,,,,,,
112,-541,240,180,0,,,,,,,,
113,541,240,240,0,#,,,,,,,
114,661,240,240,0,#,,,,,,,
115,-661,240,300,0,,,,,,,,
116,-541,240,300,0,,,,,,,,
117,541,240,360,0,,,,,,,,
118,661,240,360,0,,,,,,,,
119,-661,240,420,0,,,,,,,,
120,-541,240,420,0,,,,,,,,
121,541,240,480,0,,,,,,,,
122,661,240,480,0,,,,,,,,
123,-661,240,540,0,,,,,,,,
124,-541,240,540,0,,,,,,,,
125,541,240,600,0,,,,,,,,
126,661,240,600,0,,,,,,,,
127,-661,240,660,0,,,,,,,,
128,-541,240,660,0,,,,,,,,
,,,,,,,,,,,,
129,181,240,20,0,,,,,,,,
130,-181,240,40,0,,,,,,,,
131,-181,240,80,0,,,,,,,,
132,181,240,100,0,,,,,,,,
133,181,240,140,0,,,,,,,,
134,-181,240,160,0,,,,,,,,
135,-181,240,200,0,,,,,,,,
136,181,240,220,0,,,,,,,,
137,181,240,260,0,,,,,,,,
138,-181,240,280,0,,,,,,,,
139,-181,240,320,0,,,,,,,,
140,181,240,340,0,,,,,,,,
141,181,240,380,0,,,,,,,,
142,-181,240,400,0,,,,,,,,
143,-181,240,440,0,,,,,,,,
144,181,240,460,0,,,,,,,,
145,181,240,500,0,,,,,,,,
146,-181,240,520,0,,,,,,,,
147,-181,240,560,0,,,,,,,,
148,181,240,580,0,,,,,,,,
,,,,,,,,,,,,
,,,,,,,,,,,,
"# reaction data ...",,,,,,,,,,,,
,,,,,,,,,,,,
36,,,,,"# number of nodes with reactions",,,,,,,
#.n,x,y,z,xx,yy,zz,"1=fixed,",0=free,,,,
,,,,,,,,,,,,
1,1,1,1,1,1,1,,,,,,
2,1,1,1,1,1,1,,,,,,
3,1,1,1,1,1,1,,,,,,
4,1,1,1,1,1,1,,,,,,
5,1,1,1,1,1,1,,,,,,
6,1,1,1,1,1,1,,,,,,
51,1,1,1,1,1,1,,,,,,
52,1,1,1,1,1,1,,,,,,
53,1,1,1,1,1,1,,,,,,
54,1,1,1,1,1,1,,,,,,
55,1,1,1,1,1,1,,,,,,
56,1,1,1,1,1,1,,,,,,
101,1,1,1,1,1,1,,,,,,
102,1,1,1,1,1,1,,,,,,
103,1,1,1,1,1,1,,,,,,
104,1,1,1,1,1,1,,,,,,
105,1,1,1,1,1,1,,,,,,
106,1,1,1,1,1,1,,,,,,
,,,,,,,,,,,,
27,1,1,1,0,0,0,,"# pinned to staium",,,,
77,1,1,1,0,0,0,,,,,,
127,1,1,1,0,0,0,,,,,,
23,1,1,1,0,0,0,,,,,,
73,1,1,1,0,0,0,,,,,,
123,1,1,1,0,0,0,,,,,,
19,1,1,1,0,0,0,,,,,,
69,1,1,1,0,0,0,,,,,,
119,1,1,1,0,0,0,,,,,,
15,1,1,1,0,0,0,,,,,,
65,1,1,1,0,0,0,,,,,,
115,1,1,1,0,0,0,,,,,,
11,1,1,1,0,0,0,,,,,,
61,1,1,1,0,0,0,,,,,,
111,1,1,1,0,0,0,,,,,,
7,1,1,1,0,0,0,,,,,,
57,1,1,1,0,0,0,,,,,,
107,1,1,1,0,0,0,,,,,,
,,,,,,,,,,,,
"# frame element data ...",,,,,,,,,,,,
,,,,,,,,,,,,
295,,,,,"# number of frame elements",,,,,,,
,,,,,,,,,,,,
"# CENTER BAY six main columns",,,,,"tube 14 x 14 x 1/2",,,,,,,
,,,,,,,,,,,,
#.m,n1,n2,Ax,Asy,Asz,Jxx,Iyy,Izz,E,G,roll,density
#,.,.,in^2,in^2,in^2,in^4,in^4,in^4,ksi,ksi,deg,k/in^2/g
,,,,,,,,,,,,
1,1,7,28.1,14.2,14.2,28.2,821.1,821.2,29000,11500,0,7.324E-07
2,7,11,28.1,14.2,14.2,28.2,821.1,821.2,29000,11500,0,7.324E-07
3,11,15,28.1,14.2,14.2,28.2,821.1,821.2,29000,11500,0,7.324E-07
4,15,19,28.1,14.2,14.2,28.2,821.1,821.2,29000,11500,0,7.324E-07
5,19,23,28.1,14.2,14.2,28.2,821.1,821.2,29000,11500,0,7.324E-07
6,23,27,28.1,14.2,14.2,28.2,821.1,821.2,29000,11500,0,7.324E-07
7,2,8,28.1,14.2,14.2,28.2,821.1,821.2,29000,11500,0,7.324E-07
8,8,12,28.1,14.2,14.2,28.2,821.1,821.2,29000,11500,0,7.324E-07
9,12,16,28.1,14.2,14.2,28.2,821.1,821.2,29000,11500,0,7.324E-07
10,16,20,28.1,14.2,14.2,28.2,821.1,821.2,29000,11500,0,7.324E-07
11,20,24,28.1,14.2,14.2,28.2,821.1,821.2,29000,11500,0,7.324E-07
12,24,28,28.1,14.2,14.2,28.2,821.1,821.2,29000,11500,0,7.324E-07
13,5,9,28.1,14.2,14.2,28.2,821.1,821.2,29000,11500,0,7.324E-07
14,9,13,28.1,14.2,14.2,28.2,821.1,821.2,29000,11500,0,7.324E-07
15,13,17,28.1,14.2,14.2,28.2,821.1,821.2,29000,11500,0,7.324E-07
16,17,21,28.1,14.2,14.2,28.2,821.1,821.2,29000,11500,0,7.324E-07
17,21,25,28.1,14.2,14.2,28.2,821.1,821.2,29000,11500,0,7.324E-07
18,6,10,28.1,14.2,14.2,28.2,821.1,821.2,29000,11500,0,7.324E-07
19,10,14,28.1,14.2,14.2,28.2,821.1,821.2,29000,11500,0,7.324E-07
20,14,18,28.1,14.2,14.2,28.2,821.1,821.2,29000,11500,0,7.324E-07
21,18,22,28.1,14.2,14.2,28.2,821.1,821.2,29000,11500,0,7.324E-07
22,22,26,28.1,14.2,14.2,28.2,821.1,821.2,29000,11500,0,7.324E-07
23,3,30,28.1,14.2,14.2,28.2,821.1,821.2,29000,11500,0,7.324E-07
24,30,31,28.1,14.2,14.2,28.2,821.1,821.2,29000,11500,0,7.324E-07
25,31,34,28.1,14.2,14.2,28.2,821.1,821.2,29000,11500,0,7.324E-07
26,34,35,28.1,14.2,14.2,28.2,821.1,821.2,29000,11500,0,7.324E-07
27,35,38,28.1,14.2,14.2,28.2,821.1,821.2,29000,11500,0,7.324E-07
28,38,39,28.1,14.2,14.2,28.2,821.1,821.2,29000,11500,0,7.324E-07
29,39,42,28.1,14.2,14.2,28.2,821.1,821.2,29000,11500,0,7.324E-07
30,42,43,28.1,14.2,14.2,28.2,821.1,821.2,29000,11500,0,7.324E-07
31,43,46,28.1,14.2,14.2,28.2,821.1,821.2,29000,11500,0,7.324E-07
32,46,47,28.1,14.2,14.2,28.2,821.1,821.2,29000,11500,0,7.324E-07
33,47,50,28.1,14.2,14.2,28.2,821.1,821.2,29000,11500,0,7.324E-07
34,4,29,28.1,14.2,14.2,28.2,821.1,821.2,29000,11500,0,7.324E-07
35,29,32,28.1,14.2,14.2,28.2,821.1,821.2,29000,11500,0,7.324E-07
36,32,33,28.1,14.2,14.2,28.2,821.1,821.2,29000,11500,0,7.324E-07
37,33,36,28.1,14.2,14.2,28.2,821.1,821.2,29000,11500,0,7.324E-07
38,36,37,28.1,14.2,14.2,28.2,821.1,821.2,29000,11500,0,7.324E-07
39,37,40,28.1,14.2,14.2,28.2,821.1,821.2,29000,11500,0,7.324E-07
40,40,41,28.1,14.2,14.2,28.2,821.1,821.2,29000,11500,0,7.324E-07
41,41,44,28.1,14.2,14.2,28.2,821.1,821.2,29000,11500,0,7.324E-07
42,44,45,28.1,14.2,14.2,28.2,821.1,821.2,29000,11500,0,7.324E-07
43,45,48,28.1,14.2,14.2,28.2,821.1,821.2,29000,11500,0,7.324E-07
44,48,49,28.1,14.2,14.2,28.2,821.1,821.2,29000,11500,0,7.324E-07
,,,,,,,,,,,,
"# CENTER BAY horizontal floor beams",,,,,,"tube 10 x 10 x 1/2",,,,,,
,,,,,,,,,,,,
#.m,n1,n2,Ax,Asy,Asz,Jxx,Iyy,Izz,E,G,roll,density
#,in^2,in^2,in^2,in^4,in^4,in^4,ksi,ksi,deg,k/in^2/g,,
,,,,,,,,,,,,
45,7,8,20.1,10.2,10.2,20.2,286.6,286.6,29000,11500,0,7.324E-07
46,11,12,20.1,10.2,10.2,20.2,286.6,286.6,29000,11500,0,7.324E-07
47,15,16,20.1,10.2,10.2,20.2,286.6,286.6,29000,11500,0,7.324E-07
48,19,20,20.1,10.2,10.2,20.2,286.6,286.6,29000,11500,0,7.324E-07
49,23,24,20.1,10.2,10.2,20.2,286.6,286.6,29000,11500,0,7.324E-07
50,27,28,20.1,10.2,10.2,20.2,286.6,286.6,29000,11500,0,7.324E-07
51,9,10,20.1,10.2,10.2,20.2,286.6,286.6,29000,11500,0,7.324E-07
52,13,14,20.1,10.2,10.2,20.2,286.6,286.6,29000,11500,0,7.324E-07
53,17,18,20.1,10.2,10.2,20.2,286.6,286.6,29000,11500,0,7.324E-07
54,21,22,20.1,10.2,10.2,20.2,286.6,286.6,29000,11500,0,7.324E-07
55,25,26,20.1,10.2,10.2,20.2,286.6,286.6,29000,11500,0,7.324E-07
,,,,,,,,,,,,
"# CENTER BAY inclined floor beams",,,,,,"tube 10 x 10 x 1/2",,,,,,
,,,,,,,,,,,,
#.m,n1,n2,Ax,Asy,Asz,Jxx,Iyy,Izz,E,G,roll,density
#,in^2,in^2,in^2,in^4,in^4,in^4,ksi,ksi,deg,k/in^2/g,,
,,,,,,,,,,,,
56,5,29,20.1,10.2,10.2,20.2,286.6,286.6,29000,11500,0,7.324E-07
57,29,30,20.1,10.2,10.2,20.2,286.6,286.6,29000,11500,0,7.324E-07
58,30,8,20.1,10.2,10.2,20.2,286.6,286.6,29000,11500,0,7.324E-07
59,8,31,20.1,10.2,10.2,20.2,286.6,286.6,29000,11500,0,7.324E-07
60,31,32,20.1,10.2,10.2,20.2,286.6,286.6,29000,11500,0,7.324E-07
61,32,9,20.1,10.2,10.2,20.2,286.6,286.6,29000,11500,0,7.324E-07
62,9,33,20.1,10.2,10.2,20.2,286.6,286.6,29000,11500,0,7.324E-07
63,33,34,20.1,10.2,10.2,20.2,286.6,286.6,29000,11500,0,7.324E-07
64,34,12,20.1,10.2,10.2,20.2,286.6,286.6,29000,11500,0,7.324E-07
65,12,35,20.1,10.2,10.2,20.2,286.6,286.6,29000,11500,0,7.324E-07
66,35,36,20.1,10.2,10.2,20.2,286.6,286.6,29000,11500,0,7.324E-07
67,36,13,20.1,10.2,10.2,20.2,286.6,286.6,29000,11500,0,7.324E-07
68,13,37,20.1,10.2,10.2,20.2,286.6,286.6,29000,11500,0,7.324E-07
69,37,38,20.1,10.2,10.2,20.2,286.6,286.6,29000,11500,0,7.324E-07
70,38,16,20.1,10.2,10.2,20.2,286.6,286.6,29000,11500,0,7.324E-07
71,16,39,20.1,10.2,10.2,20.2,286.6,286.6,29000,11500,0,7.324E-07
72,39,40,20.1,10.2,10.2,20.2,286.6,286.6,29000,11500,0,7.324E-07
73,40,17,20.1,10.2,10.2,20.2,286.6,286.6,29000,11500,0,7.324E-07
74,17,41,20.1,10.2,10.2,20.2,286.6,286.6,29000,11500,0,7.324E-07
75,41,42,20.1,10.2,10.2,20.2,286.6,286.6,29000,11500,0,7.324E-07
76,42,20,20.1,10.2,10.2,20.2,286.6,286.6,29000,11500,0,7.324E-07
77,20,43,20.1,10.2,10.2,20.2,286.6,286.6,29000,11500,0,7.324E-07
78,43,44,20.1,10.2,10.2,20.2,286.6,286.6,29000,11500,0,7.324E-07
79,44,21,20.1,10.2,10.2,20.2,286.6,286.6,29000,11500,0,7.324E-07
80,21,45,20.1,10.2,10.2,20.2,286.6,286.6,29000,11500,0,7.324E-07
81,45,46,20.1,10.2,10.2,20.2,286.6,286.6,29000,11500,0,7.324E-07
82,46,24,20.1,10.2,10.2,20.2,286.6,286.6,29000,11500,0,7.324E-07
83,24,47,20.1,10.2,10.2,20.2,286.6,286.6,29000,11500,0,7.324E-07
84,47,48,20.1,10.2,10.2,20.2,286.6,286.6,29000,11500,0,7.324E-07
85,48,25,20.1,10.2,10.2,20.2,286.6,286.6,29000,11500,0,7.324E-07
86,25,49,20.1,10.2,10.2,20.2,286.6,286.6,29000,11500,0,7.324E-07
87,49,50,20.1,10.2,10.2,20.2,286.6,286.6,29000,11500,0,7.324E-07
88,50,28,20.1,10.2,10.2,20.2,286.6,286.6,29000,11500,0,7.324E-07
,,,,,,,,,,,,
,,,,,,,,,,,,
"# LEFT-BAY six main columns",,,,,"tube 14 x 14 x 1/2",,,,,,,
,,,,,,,,,,,,
#.m,n1,n2,Ax,Asy,Asz,Jxx,Iyy,Izz,E,G,roll,density
#,in^2,in^2,in^2,in^4,in^4,in^4,ksi,ksi,deg,k/in^2/g,,
,,,,,,,,,,,,
89,51,57,28.1,14.2,14.2,28.2,821.1,821.2,29000,11500,0,7.324E-07
90,57,61,28.1,14.2,14.2,28.2,821.1,821.2,29000,11500,0,7.324E-07
91,61,65,28.1,14.2,14.2,28.2,821.1,821.2,29000,11500,0,7.324E-07
92,65,69,28.1,14.2,14.2,28.2,821.1,821.2,29000,11500,0,7.324E-07
93,69,73,28.1,14.2,14.2,28.2,821.1,821.2,29000,11500,0,7.324E-07
94,73,77,28.1,14.2,14.2,28.2,821.1,821.2,29000,11500,0,7.324E-07
95,52,58,28.1,14.2,14.2,28.2,821.1,821.2,29000,11500,0,7.324E-07
96,58,62,28.1,14.2,14.2,28.2,821.1,821.2,29000,11500,0,7.324E-07
97,62,66,28.1,14.2,14.2,28.2,821.1,821.2,29000,11500,0,7.324E-07
98,66,70,28.1,14.2,14.2,28.2,821.1,821.2,29000,11500,0,7.324E-07
99,70,74,28.1,14.2,14.2,28.2,821.1,821.2,29000,11500,0,7.324E-07
100,74,78,28.1,14.2,14.2,28.2,821.1,821.2,29000,11500,0,7.324E-07
101,55,59,28.1,14.2,14.2,28.2,821.1,821.2,29000,11500,0,7.324E-07
102,59,63,28.1,14.2,14.2,28.2,821.1,821.2,29000,11500,0,7.324E-07
103,63,67,28.1,14.2,14.2,28.2,821.1,821.2,29000,11500,0,7.324E-07
104,67,71,28.1,14.2,14.2,28.2,821.1,821.2,29000,11500,0,7.324E-07
105,71,75,28.1,14.2,14.2,28.2,821.1,821.2,29000,11500,0,7.324E-07
106,56,60,28.1,14.2,14.2,28.2,821.1,821.2,29000,11500,0,7.324E-07
107,60,64,28.1,14.2,14.2,28.2,821.1,821.2,29000,11500,0,7.324E-07
108,64,68,28.1,14.2,14.2,28.2,821.1,821.2,29000,11500,0,7.324E-07
109,68,72,28.1,14.2,14.2,28.2,821.1,821.2,29000,11500,0,7.324E-07
110,72,76,28.1,14.2,14.2,28.2,821.1,821.2,29000,11500,0,7.324E-07
111,53,80,28.1,14.2,14.2,28.2,821.1,821.2,29000,11500,0,7.324E-07
112,80,81,28.1,14.2,14.2,28.2,821.1,821.2,29000,11500,0,7.324E-07
113,81,84,28.1,14.2,14.2,28.2,821.1,821.2,29000,11500,0,7.324E-07
114,84,85,28.1,14.2,14.2,28.2,821.1,821.2,29000,11500,0,7.324E-07
115,85,88,28.1,14.2,14.2,28.2,821.1,821.2,29000,11500,0,7.324E-07
116,88,89,28.1,14.2,14.2,28.2,821.1,821.2,29000,11500,0,7.324E-07
117,89,92,28.1,14.2,14.2,28.2,821.1,821.2,29000,11500,0,7.324E-07
118,92,93,28.1,14.2,14.2,28.2,821.1,821.2,29000,11500,0,7.324E-07
119,93,96,28.1,14.2,14.2,28.2,821.1,821.2,29000,11500,0,7.324E-07
120,96,97,28.1,14.2,14.2,28.2,821.1,821.2,29000,11500,0,7.324E-07
121,97,100,28.1,14.2,14.2,28.2,821.1,821.2,29000,11500,0,7.324E-07
122,54,79,28.1,14.2,14.2,28.2,821.1,821.2,29000,11500,0,7.324E-07
123,79,82,28.1,14.2,14.2,28.2,821.1,821.2,29000,11500,0,7.324E-07
124,82,83,28.1,14.2,14.2,28.2,821.1,821.2,29000,11500,0,7.324E-07
125,83,86,28.1,14.2,14.2,28.2,821.1,821.2,29000,11500,0,7.324E-07
126,86,87,28.1,14.2,14.2,28.2,821.1,821.2,29000,11500,0,7.324E-07
127,87,90,28.1,14.2,14.2,28.2,821.1,821.2,29000,11500,0,7.324E-07
128,90,91,28.1,14.2,14.2,28.2,821.1,821.2,29000,11500,0,7.324E-07
129,91,94,28.1,14.2,14.2,28.2,821.1,821.2,29000,11500,0,7.324E-07
130,94,95,28.1,14.2,14.2,28.2,821.1,821.2,29000,11500,0,7.324E-07
131,95,98,28.1,14.2,14.2,28.2,821.1,821.2,29000,11500,0,7.324E-07
132,98,99,28.1,14.2,14.2,28.2,821.1,821.2,29000,11500,0,7.324E-07
,,,,,,,,,,,,
"# LEFT BAY horizontal floor beams",,,,,,"tube 10 x 10 x 1/2",,,,,,
,,,,,,,,,,,,
#.m,n1,n2,Ax,Asy,Asz,Jxx,Iyy,Izz,E,G,roll,density
#,in^2,in^2,in^2,in^4,in^4,in^4,ksi,ksi,deg,k/in^2/g,,
,,,,,,,,,,,,
133,57,58,20.1,10.2,10.2,20.2,286.6,286.6,29000,11500,0,7.324E-07
134,61,62,20.1,10.2,10.2,20.2,286.6,286.6,29000,11500,0,7.324E-07
135,65,66,20.1,10.2,10.2,20.2,286.6,286.6,29000,11500,0,7.324E-07
136,69,70,20.1,10.2,10.2,20.2,286.6,286.6,29000,11500,0,7.324E-07
137,73,74,20.1,10.2,10.2,20.2,286.6,286.6,29000,11500,0,7.324E-07
138,77,78,20.1,10.2,10.2,20.2,286.6,286.6,29000,11500,0,7.324E-07
139,59,60,20.1,10.2,10.2,20.2,286.6,286.6,29000,11500,0,7.324E-07
140,63,64,20.1,10.2,10.2,20.2,286.6,286.6,29000,11500,0,7.324E-07
141,67,68,20.1,10.2,10.2,20.2,286.6,286.6,29000,11500,0,7.324E-07
142,71,72,20.1,10.2,10.2,20.2,286.6,286.6,29000,11500,0,7.324E-07
143,75,76,20.1,10.2,10.2,20.2,286.6,286.6,29000,11500,0,7.324E-07
,,,,,,,,,,,,
"# LEFT BAY inclined floor beams",,,,,,"tube 10 x 10 x 1/2",,,,,,
,,,,,,,,,,,,
#.m,n1,n2,Ax,Asy,Asz,Jxx,Iyy,Izz,E,G,roll,density
#,in^2,in^2,in^2,in^4,in^4,in^4,ksi,ksi,deg,k/in^2/g,,
,,,,,,,,,,,,
144,55,79,20.1,10.2,10.2,20.2,286.6,286.6,29000,11500,0,7.324E-07
145,79,80,20.1,10.2,10.2,20.2,286.6,286.6,29000,11500,0,7.324E-07
146,80,58,20.1,10.2,10.2,20.2,286.6,286.6,29000,11500,0,7.324E-07
147,59,83,20.1,10.2,10.2,20.2,286.6,286.6,29000,11500,0,7.324E-07
148,83,84,20.1,10.2,10.2,20.2,286.6,286.6,29000,11500,0,7.324E-07
149,84,62,20.1,10.2,10.2,20.2,286.6,286.6,29000,11500,0,7.324E-07
150,63,87,20.1,10.2,10.2,20.2,286.6,286.6,29000,11500,0,7.324E-07
151,87,88,20.1,10.2,10.2,20.2,286.6,286.6,29000,11500,0,7.324E-07
152,88,66,20.1,10.2,10.2,20.2,286.6,286.6,29000,11500,0,7.324E-07
153,67,91,20.1,10.2,10.2,20.2,286.6,286.6,29000,11500,0,7.324E-07
154,91,92,20.1,10.2,10.2,20.2,286.6,286.6,29000,11500,0,7.324E-07
155,92,70,20.1,10.2,10.2,20.2,286.6,286.6,29000,11500,0,7.324E-07
156,71,95,20.1,10.2,10.2,20.2,286.6,286.6,29000,11500,0,7.324E-07
157,95,96,20.1,10.2,10.2,20.2,286.6,286.6,29000,11500,0,7.324E-07
158,96,74,20.1,10.2,10.2,20.2,286.6,286.6,29000,11500,0,7.324E-07
159,75,99,20.1,10.2,10.2,20.2,286.6,286.6,29000,11500,0,7.324E-07
160,99,100,20.1,10.2,10.2,20.2,286.6,286.6,29000,11500,0,7.324E-07
161,100,78,20.1,10.2,10.2,20.2,286.6,286.6,29000,11500,0,7.324E-07
,,,,,,,,,,,,
"# RIGHT-BAY six main columns",,,,,"tube 14 x 14 x 1/2",,,,,,,
,,,,,,,,,,,,
,,,,,,,,,,,,
162,101,107,28.1,14.2,14.2,28.2,821.1,821.2,29000,11500,0,7.324E-07
163,107,111,28.1,14.2,14.2,28.2,821.1,821.2,29000,11500,0,7.324E-07
164,111,115,28.1,14.2,14.2,28.2,821.1,821.2,29000,11500,0,7.324E-07
165,115,119,28.1,14.2,14.2,28.2,821.1,821.2,29000,11500,0,7.324E-07
166,119,123,28.1,14.2,14.2,28.2,821.1,821.2,29000,11500,0,7.324E-07
167,123,127,28.1,14.2,14.2,28.2,821.1,821.2,29000,11500,0,7.324E-07
168,102,108,28.1,14.2,14.2,28.2,821.1,821.2,29000,11500,0,7.324E-07
169,108,112,28.1,14.2,14.2,28.2,821.1,821.2,29000,11500,0,7.324E-07
170,112,116,28.1,14.2,14.2,28.2,821.1,821.2,29000,11500,0,7.324E-07
171,116,120,28.1,14.2,14.2,28.2,821.1,821.2,29000,11500,0,7.324E-07
172,120,124,28.1,14.2,14.2,28.2,821.1,821.2,29000,11500,0,7.324E-07
173,124,128,28.1,14.2,14.2,28.2,821.1,821.2,29000,11500,0,7.324E-07
174,105,109,28.1,14.2,14.2,28.2,821.1,821.2,29000,11500,0,7.324E-07
175,109,113,28.1,14.2,14.2,28.2,821.1,821.2,29000,11500,0,7.324E-07
176,113,117,28.1,14.2,14.2,28.2,821.1,821.2,29000,11500,0,7.324E-07
177,117,121,28.1,14.2,14.2,28.2,821.1,821.2,29000,11500,0,7.324E-07
178,121,125,28.1,14.2,14.2,28.2,821.1,821.2,29000,11500,0,7.324E-07
179,106,110,28.1,14.2,14.2,28.2,821.1,821.2,29000,11500,0,7.324E-07
180,110,114,28.1,14.2,14.2,28.2,821.1,821.2,29000,11500,0,7.324E-07
181,114,118,28.1,14.2,14.2,28.2,821.1,821.2,29000,11500,0,7.324E-07
182,118,122,28.1,14.2,14.2,28.2,821.1,821.2,29000,11500,0,7.324E-07
183,122,126,28.1,14.2,14.2,28.2,821.1,821.2,29000,11500,0,7.324E-07
184,103,130,28.1,14.2,14.2,28.2,821.1,821.2,29000,11500,0,7.324E-07
185,130,131,28.1,14.2,14.2,28.2,821.1,821.2,29000,11500,0,7.324E-07
186,131,134,28.1,14.2,14.2,28.2,821.1,821.2,29000,11500,0,7.324E-07
187,134,135,28.1,14.2,14.2,28.2,821.1,821.2,29000,11500,0,7.324E-07
188,135,138,28.1,14.2,14.2,28.2,821.1,821.2,29000,11500,0,7.324E-07
189,138,139,28.1,14.2,14.2,28.2,821.1,821.2,29000,11500,0,7.324E-07
190,139,142,28.1,14.2,14.2,28.2,821.1,821.2,29000,11500,0,7.324E-07
191,142,143,28.1,14.2,14.2,28.2,821.1,821.2,29000,11500,0,7.324E-07
192,143,146,28.1,14.2,14.2,28.2,821.1,821.2,29000,11500,0,7.324E-07
193,146,147,28.1,14.2,14.2,28.2,821.1,821.2,29000,11500,0,7.324E-07
194,104,129,28.1,14.2,14.2,28.2,821.1,821.2,29000,11500,0,7.324E-07
195,129,132,28.1,14.2,14.2,28.2,821.1,821.2,29000,11500,0,7.324E-07
196,132,133,28.1,14.2,14.2,28.2,821.1,821.2,29000,11500,0,7.324E-07
197,133,136,28.1,14.2,14.2,28.2,821.1,821.2,29000,11500,0,7.324E-07
198,136,137,28.1,14.2,14.2,28.2,821.1,821.2,29000,11500,0,7.324E-07
199,137,140,28.1,14.2,14.2,28.2,821.1,821.2,29000,11500,0,7.324E-07
200,140,141,28.1,14.2,14.2,28.2,821.1,821.2,29000,11500,0,7.324E-07
201,141,144,28.1,14.2,14.2,28.2,821.1,821.2,29000,11500,0,7.324E-07
202,144,145,28.1,14.2,14.2,28.2,821.1,821.2,29000,11500,0,7.324E-07
203,145,148,28.1,14.2,14.2,28.2,821.1,821.2,29000,11500,0,7.324E-07
,,,,,,,,,,,,
"# RIGHT BAY  horizontal floor beams",,,,,,"tube 10 x 10 x 1/2",,,,,,
,,,,,,,,,,,,
#.m,n1,n2,Ax,Asy,Asz,Jxx,Iyy,Izz,E,G,roll,density
#,in^2,in^2,in^2,in^4,in^4,in^4,ksi,ksi,deg,k/in^2/g,,
,,,,,,,,,,,,
204,107,108,20.1,10.2,10.2,20.2,286.6,286.6,29000,11500,0,7.324E-07
205,111,112,20.1,10.2,10.2,20.2,286.6,286.6,29000,11500,0,7.324E-07
206,115,116,20.1,10.2,10.2,20.2,286.6,286.6,29000,11500,0,7.324E-07
207,119,120,20.1,10.2,10.2,20.2,286.6,286.6,29000,11500,0,7.324E-07
208,123,124,20.1,10.2,10.2,20.2,286.6,286.6,29000,11500,0,7.324E-07
209,127,128,20.1,10.2,10.2,20.2,286.6,286.6,29000,11500,0,7.324E-07
210,109,110,20.1,10.2,10.2,20.2,286.6,286.6,29000,11500,0,7.324E-07
211,113,114,20.1,10.2,10.2,20.2,286.6,286.6,29000,11500,0,7.324E-07
212,117,118,20.1,10.2,10.2,20.2,286.6,286.6,29000,11500,0,7.324E-07
213,121,122,20.1,10.2,10.2,20.2,286.6,286.6,29000,11500,0,7.324E-07
214,125,126,20.1,10.2,10.2,20.2,286.6,286.6,29000,11500,0,7.324E-07
,,,,,,,,,,,,
"# RIGHT BAY inclined floor beams",,,,,,"tube 10 x 10 x 1/2",,,,,,
,,,,,,,,,,,,
#.m,n1,j,Ax,Asy,Asz,Jxx,Iyy,Izz,E,G,roll,density
#,in^2,in^2,in^2,in^4,in^4,in^4,ksi,ksi,deg,k/in^2/g,,
,,,,,,,,,,,,
215,108,131,20.1,10.2,10.2,20.2,286.6,286.6,29000,11500,0,7.324E-07
216,131,132,20.1,10.2,10.2,20.2,286.6,286.6,29000,11500,0,7.324E-07
217,132,109,20.1,10.2,10.2,20.2,286.6,286.6,29000,11500,0,7.324E-07
218,112,135,20.1,10.2,10.2,20.2,286.6,286.6,29000,11500,0,7.324E-07
219,135,136,20.1,10.2,10.2,20.2,286.6,286.6,29000,11500,0,7.324E-07
220,136,113,20.1,10.2,10.2,20.2,286.6,286.6,29000,11500,0,7.324E-07
221,116,139,20.1,10.2,10.2,20.2,286.6,286.6,29000,11500,0,7.324E-07
222,139,140,20.1,10.2,10.2,20.2,286.6,286.6,29000,11500,0,7.324E-07
223,140,117,20.1,10.2,10.2,20.2,286.6,286.6,29000,11500,0,7.324E-07
224,120,143,20.1,10.2,10.2,20.2,286.6,286.6,29000,11500,0,7.324E-07
225,143,144,20.1,10.2,10.2,20.2,286.6,286.6,29000,11500,0,7.324E-07
226,144,121,20.1,10.2,10.2,20.2,286.6,286.6,29000,11500,0,7.324E-07
227,124,147,20.1,10.2,10.2,20.2,286.6,286.6,29000,11500,0,7.324E-07
228,147,148,20.1,10.2,10.2,20.2,286.6,286.6,29000,11500,0,7.324E-07
229,148,125,20.1,10.2,10.2,20.2,286.6,286.6,29000,11500,0,7.324E-07
,,,,,,,,,,,,
,,,,,,,,,,,,
"# LATERAL floor beams - horizontal sections",,,,,,,"8 x 8 x 1/2",,,,,
,,,,,,,,,,,,
#.m,n1,n2,Ax,Asy,Asz,Jxx,Iyy,Izz,E,G,roll,density
#,in^2,in^2,in^2,in^4,in^4,in^4,ksi,ksi,deg,k/in^2/g,,
,,,,,,,,,,,,
230,7,57,16.1,8.2,8.2,16.3,141.2,141.2,29000,11500,0,7.324E-07
231,8,58,16.1,8.2,8.2,16.3,141.2,141.2,29000,11500,0,7.324E-07
232,9,59,16.1,8.2,8.2,16.3,141.2,141.2,29000,11500,0,7.324E-07
233,10,60,16.1,8.2,8.2,16.3,141.2,141.2,29000,11500,0,7.324E-07
234,11,61,16.1,8.2,8.2,16.3,141.2,141.2,29000,11500,0,7.324E-07
235,12,62,16.1,8.2,8.2,16.3,141.2,141.2,29000,11500,0,7.324E-07
236,13,63,16.1,8.2,8.2,16.3,141.2,141.2,29000,11500,0,7.324E-07
237,14,64,16.1,8.2,8.2,16.3,141.2,141.2,29000,11500,0,7.324E-07
238,15,65,16.1,8.2,8.2,16.3,141.2,141.2,29000,11500,0,7.324E-07
239,16,66,16.1,8.2,8.2,16.3,141.2,141.2,29000,11500,0,7.324E-07
240,17,67,16.1,8.2,8.2,16.3,141.2,141.2,29000,11500,0,7.324E-07
241,18,68,16.1,8.2,8.2,16.3,141.2,141.2,29000,11500,0,7.324E-07
242,19,69,16.1,8.2,8.2,16.3,141.2,141.2,29000,11500,0,7.324E-07
243,20,70,16.1,8.2,8.2,16.3,141.2,141.2,29000,11500,0,7.324E-07
244,21,71,16.1,8.2,8.2,16.3,141.2,141.2,29000,11500,0,7.324E-07
245,22,72,16.1,8.2,8.2,16.3,141.2,141.2,29000,11500,0,7.324E-07
246,23,73,16.1,8.2,8.2,16.3,141.2,141.2,29000,11500,0,7.324E-07
247,24,74,16.1,8.2,8.2,16.3,141.2,141.2,29000,11500,0,7.324E-07
248,25,75,16.1,8.2,8.2,16.3,141.2,141.2,29000,11500,0,7.324E-07
249,26,76,16.1,8.2,8.2,16.3,141.2,141.2,29000,11500,0,7.324E-07
250,27,77,16.1,8.2,8.2,16.3,141.2,141.2,29000,11500,0,7.324E-07
251,28,78,16.1,8.2,8.2,16.3,141.2,141.2,29000,11500,0,7.324E-07
,,,,,,,,,,,,
252,7,107,16.1,8.2,8.2,16.3,141.2,141.2,29000,11500,0,7.324E-07
253,8,108,16.1,8.2,8.2,16.3,141.2,141.2,29000,11500,0,7.324E-07
254,9,109,16.1,8.2,8.2,16.3,141.2,141.2,29000,11500,0,7.324E-07
255,10,110,16.1,8.2,8.2,16.3,141.2,141.2,29000,11500,0,7.324E-07
256,11,111,16.1,8.2,8.2,16.3,141.2,141.2,29000,11500,0,7.324E-07
257,12,112,16.1,8.2,8.2,16.3,141.2,141.2,29000,11500,0,7.324E-07
258,13,113,16.1,8.2,8.2,16.3,141.2,141.2,29000,11500,0,7.324E-07
259,14,114,16.1,8.2,8.2,16.3,141.2,141.2,29000,11500,0,7.324E-07
260,15,115,16.1,8.2,8.2,16.3,141.2,141.2,29000,11500,0,7.324E-07
261,16,116,16.1,8.2,8.2,16.3,141.2,141.2,29000,11500,0,7.324E-07
262,17,117,16.1,8.2,8.2,16.3,141.2,141.2,29000,11500,0,7.324E-07
263,18,118,16.1,8.2,8.2,16.3,141.2,141.2,29000,11500,0,7.324E-07
264,19,119,16.1,8.2,8.2,16.3,141.2,141.2,29000,11500,0,7.324E-07
265,20,120,16.1,8.2,8.2,16.3,141.2,141.2,29000,11500,0,7.324E-07
266,21,121,16.1,8.2,8.2,16.3,141.2,141.2,29000,11500,0,7.324E-07
267,22,122,16.1,8.2,8.2,16.3,141.2,141.2,29000,11500,0,7.324E-07
268,23,123,16.1,8.2,8.2,16.3,141.2,141.2,29000,11500,0,7.324E-07
269,24,124,16.1,8.2,8.2,16.3,141.2,141.2,29000,11500,0,7.324E-07
270,25,125,16.1,8.2,8.2,16.3,141.2,141.2,29000,11500,0,7.324E-07
271,26,126,16.1,8.2,8.2,16.3,141.2,141.2,29000,11500,0,7.324E-07
272,27,127,16.1,8.2,8.2,16.3,141.2,141.2,29000,11500,0,7.324E-07
273,28,128,16.1,8.2,8.2,16.3,141.2,141.2,29000,11500,0,7.324E-07
,,,,,,,,,,,,
"# LATERAL floor beams - CENTER to LEFT on inclined",,,,,,,"sections 8 x 8 x 1/2",,,,,
,,,,,,,,,,,,
#.m,n1,n2,Ax,Asy,Asz,Jxx,Iyy,Izz,E,G,roll,density
#,in^2,in^2,in^2,in^4,in^4,in^4,ksi,ksi,deg,k/in^2/g,,
,,,,,,,,,,,,
274,29,79,16.1,8.2,8.2,16.3,141.2,141.2,29000,11500,0,7.324E-07
275,30,80,16.1,8.2,8.2,16.3,141.2,141.2,29000,11500,0,7.324E-07
276,33,83,16.1,8.2,8.2,16.3,141.2,141.2,29000,11500,0,7.324E-07
277,34,84,16.1,8.2,8.2,16.3,141.2,141.2,29000,11500,0,7.324E-07
278,37,87,16.1,8.2,8.2,16.3,141.2,141.2,29000,11500,0,7.324E-07
279,38,88,16.1,8.2,8.2,16.3,141.2,141.2,29000,11500,0,7.324E-07
280,41,91,16.1,8.2,8.2,16.3,141.2,141.2,29000,11500,0,7.324E-07
281,42,92,16.1,8.2,8.2,16.3,141.2,141.2,29000,11500,0,7.324E-07
282,45,95,16.1,8.2,8.2,16.3,141.2,141.2,29000,11500,0,7.324E-07
283,46,96,16.1,8.2,8.2,16.3,141.2,141.2,29000,11500,0,7.324E-07
284,49,99,16.1,8.2,8.2,16.3,141.2,141.2,29000,11500,0,7.324E-07
285,50,100,16.1,8.2,8.2,16.3,141.2,141.2,29000,11500,0,7.324E-07
,,,,,,,,,,,,
"# LATERAL floor beams - CENTER to RIGHT on linclined",,,,,,,"sections 8 x 8 x 1/2",,,,,
,,,,,,,,,,,,
#.m,n1,n2,Ax,Asy,Asz,Jxx,Iyy,Izz,E,G,roll,density
#,in^2,in^2,in^2,in^4,in^4,in^4,ksi,ksi,deg,k/in^2/g,,
,,,,,,,,,,,,
286,31,131,16.1,8.2,8.2,16.3,141.2,141.2,29000,11500,0,7.324E-07
287,32,132,16.1,8.2,8.2,16.3,141.2,141.2,29000,11500,0,7.324E-07
288,35,135,16.1,8.2,8.2,16.3,141.2,141.2,29000,11500,0,7.324E-07
289,36,136,16.1,8.2,8.2,16.3,141.2,141.2,29000,11500,0,7.324E-07
290,39,139,16.1,8.2,8.2,16.3,141.2,141.2,29000,11500,0,7.324E-07
291,40,140,16.1,8.2,8.2,16.3,141.2,141.2,29000,11500,0,7.324E-07
292,43,143,16.1,8.2,8.2,16.3,141.2,141.2,29000,11500,0,7.324E-07
293,44,144,16.1,8.2,8.2,16.3,141.2,141.2,29000,11500,0,7.324E-07
294,47,147,16.1,8.2,8.2,16.3,141.2,141.2,29000,11500,0,7.324E-07
295,48,148,16.1,8.2,8.2,16.3,141.2,141.2,29000,11500,0,7.324E-07
,,,,,,,,,,,,
,,,,,,,,,,,,
1,,"# 1: include shear deformation; 0: don't",,,,,,,,,,
1,,"# 1: include geometric stiffness; 0: don't",,,,,,,,,,
100,,"# exaggerate static mesh deformations",,,,,,,,,,
2.0,,"# zoom scale for 3D plotting",,,,,,,,,,
-1,,"# no internal force calculation",,,,,,,,,,
,,,,,,,,,,,,
,,,,,,,,,,,,
1,,,,,"# number of static load cases",cases,,,,,,
,,,,,,,,,,,,
"# Begin Static Load Case 1 of 1",,,,,,,,,,,,
,,,,,,,,,,,,
"# gravitational acceleration for self-weight loading (global)",,,,,,,,,,,,
#.gX,gY,gZ,,,,,,,,,,
#.in./s^2,in./s^2,in./s^2,,,,,,,,,,
0,0,-386.4,,,,,,,,,,
,,,,,,,,,,,,
0,,,,,"# number of loaded nodes",,,,,,,
,,,,,,,,,,,,
166,,,,,"# number of uniform distributed loads",loads,,,,,,
#.m,Ux,Uy,Uz,,"# vertical gravity load k/in concrete floor",,,,,,,
#,,,k/in,,,,,,,,,
44,0,0,-0.1,,"# concrete floor = 100 lb / sq.ft.",,,,,,,
45,0,0,-0.1,,,,,,,,,
46,0,0,-0.1,,,,,,,,,
47,0,0,-0.1,,,,,,,,,
48,0,0,-0.1,,,,,,,,,
49,0,0,-0.1,,,,,,,,,
50,0,0,-0.1,,,,,,,,,
51,0,0,-0.1,,,,,,,,,
52,0,0,-0.1,,,,,,,,,
53,0,0,-0.1,,,,,,,,,
54,0,0,-0.1,,,,,,,,,
55,0,0,-0.1,#,--,,,,,,,
,,,,,,,,,,,,
56,0,0,-0.1,,,,,,,,,
57,0,0,-0.1,,,,,,,,,
58,0,0,-0.1,,,,,,,,,
59,0,0,-0.1,,,,,,,,,
60,0,0,-0.1,,,,,,,,,
61,0,0,-0.1,,,,,,,,,
62,0,0,-0.1,,,,,,,,,
63,0,0,-0.1,,,,,,,,,
64,0,0,-0.1,,,,,,,,,
65,0,0,-0.1,,,,,,,,,
66,0,0,-0.1,,,,,,,,,
67,0,0,-0.1,,,,,,,,,
68,0,0,-0.1,,,,,,,,,
69,0,0,-0.1,,,,,,,,,
70,0,0,-0.1,,,,,,,,,
71,0,0,-0.1,,,,,,,,,
72,0,0,-0.1,,,,,,,,,
73,0,0,-0.1,,,,,,,,,
74,0,0,-0.1,,,,,,,,,
75,0,0,-0.1,,,,,,,,,
76,0,0,-0.1,,,,,,,,,
77,0,0,-0.1,,,,,,,,,
78,0,0,-0.1,,,,,,,,,
79,0,0,-0.1,,,,,,,,,
80,0,0,-0.1,,,,,,,,,
81,0,0,-0.1,,,,,,,,,
82,0,0,-0.1,,,,,,,,,
83,0,0,-0.1,,,,,,,,,
84,0,0,-0.1,,,,,,,,,
85,0,0,-0.1,,,,,,,,,
86,0,0,-0.1,,,,,,,,,
87,0,0,-0.1,,,,,,,,,
88,0,0,-0.1,#,--,,,,,,,
,,,,,,,,,,,,
133,0,0,-0.1,,,,,,,,,
134,0,0,-0.1,,,,,,,,,
135,0,0,-0.1,,,,,,,,,
136,0,0,-0.1,,,,,,,,,
137,0,0,-0.1,,,,,,,,,
138,0,0,-0.1,,,,,,,,,
139,0,0,-0.1,,,,,,,,,
140,0,0,-0.1,,,,,,,,,
141,0,0,-0.1,,,,,,,,,
142,0,0,-0.1,,,,,,,,,
143,0,0,-0.1,,,,,,,,,
144,0,0,-0.1,,,,,,,,,
145,0,0,-0.1,,,,,,,,,
146,0,0,-0.1,,,,,,,,,
147,0,0,-0.1,,,,,,,,,
148,0,0,-0.1,,,,,,,,,
149,0,0,-0.1,,,,,,,,,
150,0,0,-0.1,,,,,,,,,
151,0,0,-0.1,,,,,,,,,
152,0,0,-0.1,,,,,,,,,
153,0,0,-0.1,,,,,,,,,
154,0,0,-0.1,,,,,,,,,
155,0,0,-0.1,,,,,,,,,
156,0,0,-0.1,,,,,,,,,
157,0,0,-0.1,,,,,,,,,
158,0,0,-0.1,,,,,,,,,
159,0,0,-0.1,,,,,,,,,
160,0,0,-0.1,,,,,,,,,
161,0,0,-0.1,#,--,,,,,,,
,,,,,,,,,,,,
204,0,0,-0.1,,,,,,,,,
205,0,0,-0.1,,,,,,,,,
206,0,0,-0.1,,,,,,,,,
207,0,0,-0.1,,,,,,,,,
208,0,0,-0.1,,,,,,,,,
209,0,0,-0.1,,,,,,,,,
210,0,0,-0.1,,,,,,,,,
211,0,0,-0.1,,,,,,,,,
212,0,0,-0.1,,,,,,,,,
213,0,0,-0.1,,,,,,,,,
214,0,0,-0.1,,,,,,,,,
215,0,0,-0.1,,,,,,,,,
216,0,0,-0.1,,,,,,,,,
217,0,0,-0.1,,,,,,,,,
218,0,0,-0.1,,,,,,,,,
219,0,0,-0.1,,,,,,,,,
220,0,0,-0.1,,,,,,,,,
221,0,0,-0.1,,,,,,,,,
222,0,0,-0.1,,,,,,,,,
223,0,0,-0.1,,,,,,,,,
224,0,0,-0.1,,,,,,,,,
225,0,0,-0.1,,,,,,,,,
226,0,0,-0.1,,,,,,,,,
227,0,0,-0.1,,,,,,,,,
228,0,0,-0.1,,,,,,,,,
229,0,0,-0.1,,,,,,,,,
230,0,0,-0.1,,,,,,,,,
231,0,0,-0.1,,,,,,,,,
232,0,0,-0.1,,,,,,,,,
233,0,0,-0.1,,,,,,,,,
234,0,0,-0.1,,,,,,,,,
235,0,0,-0.1,,,,,,,,,
236,0,0,-0.1,,,,,,,,,
237,0,0,-0.1,,,,,,,,,
238,0,0,-0.1,,,,,,,,,
239,0,0,-0.1,,,,,,,,,
230,0,0,-0.1,,,,,,,,,
241,0,0,-0.1,,,,,,,,,
242,0,0,-0.1,,,,,,,,,
243,0,0,-0.1,,,,,,,,,
244,0,0,-0.1,,,,,,,,,
245,0,0,-0.1,,,,,,,,,
246,0,0,-0.1,,,,,,,,,
247,0,0,-0.1,,,,,,,,,
248,0,0,-0.1,,,,,,,,,
249,0,0,-0.1,,,,,,,,,
240,0,0,-0.1,,,,,,,,,
251,0,0,-0.1,,,,,,,,,
252,0,0,-0.1,,,,,,,,,
253,0,0,-0.1,,,,,,,,,
254,0,0,-0.1,,,,,,,,,
255,0,0,-0.1,,,,,,,,,
256,0,0,-0.1,,,,,,,,,
257,0,0,-0.1,,,,,,,,,
258,0,0,-0.1,,,,,,,,,
259,0,0,-0.1,,,,,,,,,
260,0,0,-0.1,,,,,,,,,
261,0,0,-0.1,,,,,,,,,
262,0,0,-0.1,,,,,,,,,
263,0,0,-0.1,,,,,,,,,
264,0,0,-0.1,,,,,,,,,
265,0,0,-0.1,,,,,,,,,
266,0,0,-0.1,,,,,,,,,
267,0,0,-0.1,,,,,,,,,
268,0,0,-0.1,,,,,,,,,
269,0,0,-0.1,,,,,,,,,
270,0,0,-0.1,,,,,,,,,
271,0,0,-0.1,,,,,,,,,
272,0,0,-0.1,,,,,,,,,
273,0,0,-0.1,,,,,,,,,
274,0,0,-0.1,,,,,,,,,
275,0,0,-0.1,,,,,,,,,
276,0,0,-0.1,,,,,,,,,
277,0,0,-0.1,,,,,,,,,
278,0,0,-0.1,,,,,,,,,
279,0,0,-0.1,,,,,,,,,
280,0,0,-0.1,,,,,,,,,
281,0,0,-0.1,,,,,,,,,
282,0,0,-0.1,,,,,,,,,
283,0,0,-0.1,,,,,,,,,
284,0,0,-0.1,,,,,,,,,
285,0,0,-0.1,,,,,,,,,
286,0,0,-0.1,,,,,,,,,
287,0,0,-0.1,,,,,,,,,
288,0,0,-0.1,,,,,,,,,
289,0,0,-0.1,,,,,,,,,
290,0,0,-0.1,,,,,,,,,
291,0,0,-0.1,,,,,,,,,
292,0,0,-0.1,,,,,,,,,
293,0,0,-0.1,,,,,,,,,
294,0,0,-0.1,,,,,,,,,
295,0,0,-0.1,,,,,,,,,
,,,,,,,,,,,,
,,,,,,,,,,,,
0,,,,,"# number of trapezoidal distributed loads",,,,,,,
0,,,,,"# number of internal concentrated loads",,,,,,,
0,,,,,"# number of temperature loads",,,,,,,
0,,,,,"# number of nodes with prescribed displacements",,,,,,,
"# End of Static Load Case 1 of 1",,,,Case,,,,,,,,
,,,,,,,,,,,,
,,,,,,,,,,,,
5,,,,,"# number of desired dynamic modes of vibration",,,,,,,
1,,,,,"# 1: subspace-Jacobi iterations; 2: Stodola method",,,,,,,
0,,,,,"# 0: consistent mass matrix; 1: lumped mass matrix",,,,,,,
0.0001,,,,,"# mode shape tolerance",,,,,,,
1,,,,,"# shift value ... For unrestrained structures",,,,,,,
100,,,,,"# exaggerate modal mesh deformations",,,,,,,
,,,,,,,,,,,,
0,,,,,"# number of nodes with extra mass or inertia",,,,,,,
163,,,,,"# number of frame elements with extra mass",,,,,,,
,,,,,,,,,,,,
#.M,mass,,,,,,,,,,,
#,kip,,,,,,,,,,,
,,,,,,,,,,,,
45,0.026,,,,,,,,,,,
46,0.026,,,,,,,,,,,
47,0.026,,,,,,,,,,,
48,0.026,,,,,,,,,,,
49,0.026,,,,,,,,,,,
50,0.026,,,,,,,,,,,
51,0.026,,,,,,,,,,,
52,0.026,,,,,,,,,,,
53,0.026,,,,,,,,,,,
54,0.026,,,,,,,,,,,
55,0.026,,,,,,,,,,,
56,0.026,,,,,,,,,,,
57,0.026,,,,,,,,,,,
58,0.026,,,,,,,,,,,
59,0.026,,,,,,,,,,,
60,0.026,,,,,,,,,,,
61,0.026,,,,,,,,,,,
62,0.026,,,,,,,,,,,
63,0.026,,,,,,,,,,,
64,0.026,,,,,,,,,,,
65,0.026,,,,,,,,,,,
66,0.026,,,,,,,,,,,
67,0.026,,,,,,,,,,,
68,0.026,,,,,,,,,,,
69,0.026,,,,,,,,,,,
70,0.026,,,,,,,,,,,
71,0.026,,,,,,,,,,,
72,0.026,,,,,,,,,,,
73,0.026,,,,,,,,,,,
74,0.026,,,,,,,,,,,
75,0.026,,,,,,,,,,,
76,0.026,,,,,,,,,,,
77,0.026,,,,,,,,,,,
78,0.026,,,,,,,,,,,
79,0.026,,,,,,,,,,,
80,0.026,,,,,,,,,,,
81,0.026,,,,,,,,,,,
82,0.026,,,,,,,,,,,
83,0.026,,,,,,,,,,,
84,0.026,,,,,,,,,,,
85,0.026,,,,,,,,,,,
86,0.026,,,,,,,,,,,
87,0.026,,,,,,,,,,,
88,0.026,,,,,,,,,,,
,,,,,,,,,,,,
133,0.026,,,,,,,,,,,
134,0.026,,,,,,,,,,,
135,0.026,,,,,,,,,,,
136,0.026,,,,,,,,,,,
137,0.026,,,,,,,,,,,
138,0.026,,,,,,,,,,,
139,0.026,,,,,,,,,,,
140,0.026,,,,,,,,,,,
141,0.026,,,,,,,,,,,
142,0.026,,,,,,,,,,,
143,0.026,,,,,,,,,,,
144,0.026,,,,,,,,,,,
145,0.026,,,,,,,,,,,
146,0.026,,,,,,,,,,,
147,0.026,,,,,,,,,,,
148,0.026,,,,,,,,,,,
149,0.026,,,,,,,,,,,
150,0.026,,,,,,,,,,,
151,0.026,,,,,,,,,,,
152,0.026,,,,,,,,,,,
153,0.026,,,,,,,,,,,
154,0.026,,,,,,,,,,,
155,0.026,,,,,,,,,,,
156,0.026,,,,,,,,,,,
157,0.026,,,,,,,,,,,
158,0.026,,,,,,,,,,,
159,0.026,,,,,,,,,,,
160,0.026,,,,,,,,,,,
161,0.026,,,,,,,,,,,
,,,,,,,,,,,,
206,0.026,,,,,,,,,,,
207,0.026,,,,,,,,,,,
208,0.026,,,,,,,,,,,
209,0.026,,,,,,,,,,,
210,0.026,,,,,,,,,,,
211,0.026,,,,,,,,,,,
212,0.026,,,,,,,,,,,
213,0.026,,,,,,,,,,,
214,0.026,,,,,,,,,,,
215,0.026,,,,,,,,,,,
216,0.026,,,,,,,,,,,
217,0.026,,,,,,,,,,,
218,0.026,,,,,,,,,,,
219,0.026,,,,,,,,,,,
220,0.026,,,,,,,,,,,
221,0.026,,,,,,,,,,,
222,0.026,,,,,,,,,,,
223,0.026,,,,,,,,,,,
224,0.026,,,,,,,,,,,
225,0.026,,,,,,,,,,,
226,0.026,,,,,,,,,,,
227,0.026,,,,,,,,,,,
228,0.026,,,,,,,,,,,
229,0.026,,,,,,,,,,,
230,0.026,,,,,,,,,,,
231,0.026,,,,,,,,,,,
,,,,,,,,,,,,
232,0.026,,,,,,,,,,,
233,0.026,,,,,,,,,,,
234,0.026,,,,,,,,,,,
235,0.026,,,,,,,,,,,
236,0.026,,,,,,,,,,,
237,0.026,,,,,,,,,,,
238,0.026,,,,,,,,,,,
239,0.026,,,,,,,,,,,
240,0.026,,,,,,,,,,,
241,0.026,,,,,,,,,,,
242,0.026,,,,,,,,,,,
243,0.026,,,,,,,,,,,
244,0.026,,,,,,,,,,,
245,0.026,,,,,,,,,,,
246,0.026,,,,,,,,,,,
247,0.026,,,,,,,,,,,
248,0.026,,,,,,,,,,,
249,0.026,,,,,,,,,,,
250,0.026,,,,,,,,,,,
251,0.026,,,,,,,,,,,
252,0.026,,,,,,,,,,,
253,0.026,,,,,,,,,,,
254,0.026,,,,,,,,,,,
255,0.026,,,,,,,,,,,
256,0.026,,,,,,,,,,,
257,0.026,,,,,,,,,,,
258,0.026,,,,,,,,,,,
259,0.026,,,,,,,,,,,
260,0.026,,,,,,,,,,,
261,0.026,,,,,,,,,,,
262,0.026,,,,,,,,,,,
263,0.026,,,,,,,,,,,
264,0.026,,,,,,,,,,,
265,0.026,,,,,,,,,,,
266,0.026,,,,,,,,,,,
267,0.026,,,,,,,,,,,
268,0.026,,,,,,,,,,,
269,0.026,,,,,,,,,,,
270,0.026,,,,,,,,,,,
271,0.026,,,,,,,,,,,
272,0.026,,,,,,,,,,,
273,0.026,,,,,,,,,,,
,,,,,,,,,,,,
274,0.026,,,,,,,,,,,
275,0.026,,,,,,,,,,,
276,0.026,,,,,,,,,,,
277,0.026,,,,,,,,,,,
278,0.026,,,,,,,,,,,
279,0.026,,,,,,,,,,,
280,0.026,,,,,,,,,,,
281,0.026,,,,,,,,,,,
282,0.026,,,,,,,,,,,
283,0.026,,,,,,,,,,,
284,0.026,,,,,,,,,,,
285,0.026,,,,,,,,,,,
,,,,,,,,,,,,
286,0.026,,,,,,,,,,,
287,0.026,,,,,,,,,,,
288,0.026,,,,,,,,,,,
289,0.026,,,,,,,,,,,
290,0.026,,,,,,,,,,,
291,0.026,,,,,,,,,,,
292,0.026,,,,,,,,,,,
293,0.026,,,,,,,,,,,
294,0.026,,,,,,,,,,,
295,0.026,,,,,,,,,,,
,,,,,,,,,,,,
5,,,,,"# number of modes to animate, nA",,,,,,,
1,2,3,4,5,"# list of modes to animate, omit if nA == 0",,,,,,,
1,,,,,"# pan during animation",,,,,,,
,,,,,,,,,,,,
"# End of input data file for example H",,,,,,,,,,,,
